## **BSQL**

### **介绍**

字符串、字符数据类型或文本是每个可想象系统的一部分。操作和输出文本是一个非常重要的主题，对于您使用的许多不同类型的系统来说都是必需的。本节概述了BMDB SQL API广泛的文本功能。

示例使用Retail Analytics 示例数据集。

### **字符数据类型**

对于PostgreSQL，不同字符数据类型的使用具有历史意义。BMDB—作为一个较新的实现——没有这样的历史。请考虑保持字符数据类型的使用简单，理想情况下仅使用“text”或“varchar（n）”（如果需要限制长度）。使用文本，然后验证字符串的长度，可以开发自己的方法来管理这种情况，而不是遇到超过任意长度的错误。
如果使用char(n), character(n)或varchar(n)。如果长度不受限制，请使用不带长度说明的字符数据类型，例如“text”。但是，如果您有忽略尾随空格的特定要求，那么您可能希望考虑使用char(n)。 
有关字符数据类型的详细信息，请参阅数据类型。请注意，BMDB实现了数据类型别名，这就是这里所使用的。

以下示例显示了使用不同数据类型的几种方法：

```
./bin/sqlsh
sqlsh (11.2)
Type "help" for help.
create table text_columns(a_text text, a_varchar varchar, a_char char, b_varchar varchar(10), b_char char(10));
CREATE TABLE
insert into text_columns values('abc ', 'abc ', 'abc ', 'abc ', 'abc ');
ERROR:  value too long for type character(1)
insert into text_columns values('abc ', 'abc ', 'a', 'abc ', 'abc ');
INSERT 0 1
select * from text_columns
           where a_text like 'ab__' and a_varchar like 'ab__'
           and b_varchar like 'ab__';
 a_text | a_varchar | a_char | b_varchar |   b_char
--------+-----------+--------+-----------+------------
 abc    | abc       | a      | abc       | abc
select * from text_columns
           where a_text like 'ab__' and a_varchar like 'ab__'
           and b_varchar like 'ab__' and b_char like 'ab__';
 a_text | a_varchar | a_char | b_varchar | b_char
--------+-----------+--------+-----------+--------
(0 rows)
select length(a_text) as a_text, length(a_varchar) as a_varchar, length(a_char) as a_char,
           length(b_varchar) as b_varchar, length(b_char) as b_char
           from text_columns;
 a_text | a_varchar | a_char | b_varchar | b_char
--------+-----------+--------+-----------+--------
      4 |         4 |      1 |         4 |      3
```

请注意，b_char列不包含尾部空格，这可能会影响SQL。此外，如果在列定义上指定最大长度，SQL也可能会生成错误，因此您必须手动截断输入值或引入错误处理

#### 转换

当您使用用户通过应用程序输入的文本时，请确保BMDB了解它使用的是文本输入。所有值都应强制转换，除非它们由于已经发生的其他验证措施而可信。


以下示例显示了转换的影响：

```
select cast(123 AS TEXT), cast('123' AS TEXT), 123::text, '123'::text;
 text | text | text | text
------+------+------+------
 123  | 123  | 123  | 123
select tablename, hasindexes AS nocast, hasindexes::text AS casted
  from pg_catalog.pg_tables
  where tablename in('pg_default_acl', 'sql_features');
   tablename    | nocast | casted
----------------+--------+--------
 pg_default_acl | t      | true
 sql_features   | f      | false
```

列“hasindexes”是布尔数据类型，通过将其强制转换为文本，您将收到true或false的文本结果 

### **文本使用**

许多函数可以应用于文本。在下面的示例中，函数被分类为逻辑分组——在许多情况下，函数的重载和个人的选择决定了如何解决问题。
这里的重点是快速展示如何使用每个函数，以及一些示例。
本示例假设您已创建并连接到带有Retail Analytics 示例数据集的bm_demo数据库。

#### 更改文本的显示

```
select lower('hELLO world') AS LOWER,
  upper('hELLO world') AS UPPER,
  initcap('hELLO world') AS INITCAP;
    lower    |    upper    |   initcap
-------------+-------------+-------------
 hello world | HELLO WORLD | Hello World
select quote_ident('ok') AS EASY, quote_ident('I am OK') AS QUOTED, quote_ident('I''m not OK') AS DOUBLE_QUOTED, quote_ident('') AS EMPTY_STR, quote_ident(null) AS NULL_QUOTED;
 easy |  quoted   | double_quoted | empty_str | null_quoted
------+-----------+---------------+-----------+-------------
 ok   | "I am OK" | "I'm not OK"  | ""        |
select quote_literal('ok') AS EASY, quote_literal('I am OK') AS QUOTED, quote_literal('I''m not OK') AS DOUBLE_QUOTED, quote_literal('') AS EMPTY_STR, quote_literal(null) AS NULL_QUOTED;
 easy |  quoted   | double_quoted | empty_str | null_quoted
------+-----------+---------------+-----------+-------------
 'ok' | 'I am OK' | 'I''m not OK' | ''        |
select quote_nullable('ok') AS EASY, quote_nullable('I am OK') AS QUOTED, quote_nullable('I''m not OK') AS DOUBLE_QUOTED, quote_nullable('') AS EMPTY_STR, quote_nullable(null) AS NULL_QUOTED;
easy |  quoted   | double_quoted | empty_str | null_quoted
------+-----------+---------------+-----------+-------------
 'ok' | 'I am OK' | 'I''m not OK' | ''        | NULL
```

使用quote_ident来解析SQL中类似列名的标识符，并将quote_nullable作为可能也是null的字符串文字。

#### 解析原始文本

您可以使用“美元符号引用”来解析原始文本——任何包含在美元符号（$）引用中的文本都被视为原始文本。起始标记和结束标记不必相同，但必须以美元符号开头和结尾。请考虑以下示例：

```
select $$%&*$&$%7'\67458\''""""';;'\//\/\/\""'/'''''"""""'''''''''$$;
                         ?column?
-----------------------------------------------------------
 %&*$&$%7'\67458\''""""';;'\//\/\/\""'/'''''"""""'''''''''
select $__unique_$           Lots of space
                   and multi-line too       $__unique_$;
                   ?column?
----------------------------------------------
            Lots of space                    +
                    and multi-line too
select $$first$$ AS "F1", $$second$$ AS "F2";
  F1   |   F2
-------+--------
 first | second
```

#### 填充与截断

出于格式化目的，需要填充一些值，而lpad()和rpad()（分别为“左填充”和“右填充”）就是用于此目的的。它们通常与空格一起使用，但您可以使用任何东西进行填充，包括多个字符。例如，您可以使用下划线（_）或间隔点填充。您没有指定要填充的长度，而是指定要添加的最大长度。因此，如果你的值已经和你的最大长度一样长，那么就不需要填充了。请注意，如果字段的长度超过指定的最大长度，这可能会导致截断。

填充的反面是截断，如果找到空格，则会截断空格。以下示例使用填充和截断来获得所需的结果： 

```
select name, lpad(name, 10), rpad(name, 15) from users order by name limit 5;
       name        |    lpad    |      rpad
-------------------+------------+-----------------
 Aaron Hand        | Aaron Hand | Aaron Hand
 Abbey Satterfield | Abbey Satt | Abbey Satterfie
 Abbie Parisian    | Abbie Pari | Abbie Parisian
 Abbie Ryan        | Abbie Ryan | Abbie Ryan
 Abby Larkin       | Abby Larki | Abby Larkin
select name, lpad(name, 20), rpad(name, 20) from users order by name limit 5;
       name        |         lpad         |         rpad
-------------------+----------------------+----------------------
 Aaron Hand        |           Aaron Hand | Aaron Hand
 Abbey Satterfield |    Abbey Satterfield | Abbey Satterfield
 Abbie Parisian    |       Abbie Parisian | Abbie Parisian
 Abbie Ryan        |           Abbie Ryan | Abbie Ryan
 Abby Larkin       |          Abby Larkin | Abby Larkin
select name, lpad(name, 20, '. '), rpad(name, 20, '.') from users order by name limit 5;
       name        |         lpad         |         rpad
-------------------+----------------------+----------------------
 Aaron Hand        | . . . . . Aaron Hand | Aaron Hand..........
 Abbey Satterfield | . .Abbey Satterfield | Abbey Satterfield...
 Abbie Parisian    | . . . Abbie Parisian | Abbie Parisian......
 Abbie Ryan        | . . . . . Abbie Ryan | Abbie Ryan..........
 Abby Larkin       | . . . . .Abby Larkin | Abby Larkin.........
select repeat(' ', ((x.maxlen-length(u.name))/2)::int) || rpad(u.name, x.maxlen) AS "cname"
          from users u,
          (select max(length(a.name))::int AS maxlen from users a) AS x;
            cname
------------------------------
      Stewart Marks
      Regan Corkery
    Domenic Daugherty
    Winfield Donnelly
    Theresa Kertzmann
    Terrence Emmerich
      Hudson Jacobi
      Aidan Hagenes
    Virgil Schowalter
      Rahul Kreiger
    Wilhelmine Erdman
      Elwin Okuneva
  Maximillian Dickinson
      Lucie Cormier
  Alexandrine Rosenbaum
    Jayne Breitenberg
  Alexandria Schowalter
 Augustine Runolfsdottir
    Mathilde Weissnat
      Theresa Grant
 ...
select x.RawDay, length(x.RawDay) AS RawLen, x.TrimDay, length(x.TrimDay) AS TrimLen,
          x.LTrimDay, length(x.LTrimDay) AS LTrimLen, x.RTrimDay, length(x.RTrimDay) AS RTrimLen
          from (select to_char(generate_series, 'Day') AS RawDay,
                trim(to_char(generate_series, 'Day')) AS TrimDay,
                ltrim(to_char(generate_series, 'Day')) AS LTrimDay,
                rtrim(to_char(generate_series, 'Day')) AS RTrimDay
                from generate_series(current_date, current_date+6, '1 day')) AS x;
  rawday   | rawlen |  trimday  | trimlen | ltrimday  | ltrimlen | rtrimday  | rtrimlen
-----------+--------+-----------+---------+-----------+----------+-----------+----------
 Wednesday |      9 | Wednesday |       9 | Wednesday |        9 | Wednesday |        9
 Thursday  |      9 | Thursday  |       8 | Thursday  |        9 | Thursday  |        8
 Friday    |      9 | Friday    |       6 | Friday    |        9 | Friday    |        6
 Saturday  |      9 | Saturday  |       8 | Saturday  |        9 | Saturday  |        8
 Sunday    |      9 | Sunday    |       6 | Sunday    |        9 | Sunday    |        6
 Monday    |      9 | Monday    |       6 | Monday    |        9 | Monday    |        6
 Tuesday   |      9 | Tuesday   |       7 | Tuesday   |        9 | Tuesday   |        7
```

前面的示例显示了如何将文本居中，截断示例显示了不同截断对填充值的影响。请注意，“Day”值被右填充为9个字符，这就是为什么左截断对字段长度没有任何影响的原因；只有右侧截断或“完全”截断才能去除空格。

#### 转义

您还可以通过前缀为“e”或“E”来声明文本值是“转义”的。例如： 

```
select E'I''ve told BMDB that this is an escaped string\n\tso I can specify escapes safely' as escaped_text;
                   escaped_text
---------------------------------------------------
 I've told BMDB that this is an escaped string+
         so I can specify escapes safely
select E'a\\b/c\u00B6' as escaped_txt, 'a\\b/c\u00B6' as raw_txt;
 escaped_txt |   raw_txt
-------------+--------------
 a\b/c¶     | a\\b/c\u00B6
```

注：\n表示一个新行，\t是一个制表符，因此是格式化的结果。 

#### 编码和转换文本

BMDB还具有DECODE和ENCODE，用于对二进制数据进行解码和编码。它适用于“base64”、“hex”和“escape”表示。Decode以BYTEA数据类型给出输出。此外，还可以使用TO_HEX命令将ASCII数字转换为其数字表示形式。

#### 连接字符串

您可以用几种不同的方式连接文本字符串。为了健壮性，您应该确保传递的所有内容都被解释为文本（通过强制转换），这样在边缘情况下就不会出现意外结果。以下示例表明，BMDB在传递变量时很宽容，但您应该实现更健壮的强制转换，以正确处理字符串：

```
select 'one' || '-' || 2 || '-one' AS "121";
    121
-----------
 one-2-one
select 2 || '-one-one' AS "211";
    211
-----------
 2-one-one
select 1 || '-one' || repeat('-two', 2) AS "1122";
     1122
---------------
 1-one-two-two
select 1::text || 2::text || 3::text AS "123";
 123
-----
 123
select 1 || 2 || 3 AS "123";
ERROR:  operator does not exist: integer || integer
LINE 1: select 1 || 2 || 3 AS "123";
                 ^
HINT:  No operator matches the given name and argument types. You might need to add explicit type casts.
select concat(1,2,3) AS "123";
 123
-----
 123
select concat_ws(':', 1,2,3) AS "123 WS";
 123 WS
--------
 1:2:3
(1 row)
select left(vendor,1) AS V, string_agg(distinct(category), ', ' ORDER BY category) AS CATEGORIES
  from products group by left(vendor,1) order by 1;
 v |            categories
---+----------------------------------
 A | Doohickey, Gadget, Gizmo
 B | Doohickey, Gadget, Gizmo, Widget
 C | Doohickey, Gadget, Gizmo, Widget
 D | Gadget, Gizmo, Widget
 E | Gadget, Gizmo, Widget
 F | Doohickey, Gadget, Gizmo, Widget
 G | Doohickey, Gadget, Widget
 H | Doohickey, Gadget, Gizmo, Widget
 I | Gizmo, Widget
 J | Doohickey, Gadget, Gizmo, Widget
 K | Doohickey, Gadget, Gizmo, Widget
 L | Doohickey, Gadget, Gizmo, Widget
 M | Doohickey, Gadget, Gizmo, Widget
 N | Doohickey, Gadget, Widget
 O | Doohickey, Gadget, Gizmo, Widget
 P | Doohickey, Gadget, Gizmo, Widget
 Q | Doohickey
 R | Doohickey, Gadget, Gizmo, Widget
 S | Doohickey, Gadget, Gizmo, Widget
 T | Gizmo, Widget
 U | Gadget
 V | Doohickey, Widget
 W | Doohickey, Gadget, Gizmo, Widget
 Z | Gizmo
```

前面的示例使用了LEFT函数，但string_agg函数最好由一系列或一组数据输入使用，就像在SQL行中所做的那样。该示例显示了聚合字符串与外部SQL（分类为A-Z）相比如何具有自己的顺序。

REVERSE函数反转文本内容，如以下示例所示：

```
select reverse(to_char(current_date, 'DD-MON-YYYY'));
   reverse
-------------
 9102-LUJ-92
```

#### 分析用户输入

为了最大限度地减少SQL注入攻击中常见的意外数据的影响，可以使用FORMAT函数将用户输入解析为SQL语句的参数。最常用的方法是在过程中使用EXECUTE 命令，因为它在BSQL命令提示符下不可用，只能在BSQL PL/pgSQL环境中使用。FORMAT命令用于完成传递给EXECUTE以运行的完整SQL语句。由于您在这里不是在模拟BSQL PL/pgSQL，以下示例说明了如何使用FORMAT函数：

```
select format('Hello %s, today''s date is %s', 'Jono', to_char(current_date, 'DD-MON-YYYY'), 'discarded');
                 format
-----------------------------------------
 Hello Jono, today's date is 29-JUL-2019
select format('On this day, %2$s, %1$s was here', 'Jono', to_char(current_date, 'DD-MON-YYYY'));
                 format
-----------------------------------------
 On this day, 29-JUL-2019, Jono was here
select format('SELECT %2$I, %3$I from %1$I where name = %4$L', 'users', 'birth_date', 'email', 'Brody O''Reilly');
                               format
--------------------------------------------------------------------
 SELECT birth_date, email from users where name = 'Brody O''Reilly'
```

#### 替换文本

用其他文本替换文本可能是一项复杂的任务，因为您需要完全了解函数可能的数据范围。常见的情况是由于传递了意外值（如NULL、空字符串“”）或BMDB将其解释为不同数据类型（如true或3）而导致的失败。

数学运算中对null的处理通常是有问题的，字符串连接也是如此，因为将null连接到值会导致null。如以下示例所示，合并输入可以避免这些问题：

```
select trunc(avg(coalesce(discount,0))::numeric,3) AS "COALESCED", trunc(avg(discount)::numeric,3) AS "RAW" from orders;
 COALESCED |  RAW
-----------+-------
     0.530 | 5.195
select 'Hello ' || null AS GREETING, 'Goodbye ' || coalesce(null, 'Valued Customer') AS GOODBYE;
 greeting |         goodbye
----------+-------------------------
          | Goodbye Valued Customer
```

前面的示例显示了当为null时进行替换如何对您获得的结果，甚至应用程序的行为产生重大影响。

以下示例演示了使用其他文本更改现有文本的方法。 

```
select overlay(password placing 'XXXXXXXXXXXXXXX' from 1 for length(password)) AS SCRAMBLED from users limit 5;
    scrambled
-----------------
 XXXXXXXXXXXXXXX
 XXXXXXXXXXXXXXX
 XXXXXXXXXXXXXXX
 XXXXXXXXXXXXXXX
 XXXXXXXXXXXXXXX
select regexp_replace('Hi my number is +999 9996-1234','[[:alpha:]]','','g');
   regexp_replace
--------------------
     +999 9996-1234
select 'I think I can hear an ' || repeat('echo.. ', 3) AS CLICHE;
                   cliche
---------------------------------------------
 I think I can hear an echo.. echo.. echo..
select replace('Gees I love Windows', 'Windows', 'Linux') AS OBVIOUS;
      obvious
-------------------
 Gees I love Linux
```

前面的示例去掉了字母表中的所有字符，并用一个空字符串替换它们。“g”标志是“global”，导致替换发生在整个字符串中；如果没有“g”标志，替换将在第一次替换后停止。请注意，结果包含空格，这就是它看起来奇怪的原因。您可能认为此示例显示了非字母字符的提取，但它只是用空字符串替换它们。

#### 提取文本

有几种方法可以从文本中提取文本；在某些情况下，这可能是“清理”文本的一部分。（删除前导或尾部空格由上一节中显示的截断功能所涵盖。）此处的其余功能显示了如何操作文本的各个部分。

```
select left('123456', 3);
 left
------
 123
select right('123456', 3);
 right
-------
 456
select substr('123456', 3);
 substr
--------
 3456
select substr('123456', 3, 2);
 substr
--------
 34
select substr('123456', position('4' in '123456')+1, 2);
 substring
-----------
 56
select replace(substr(email, position('@' in email)+1, (length(email)
     -position('.' in substr(email, position('@' in email)+1)))), '.com', '') AS "Domain", count(*)
 from users
group by 1;
 Domain  | count
---------+-------
 hotmail |   813
 yahoo   |   838
 gmail   |   849
```

命令SUBSTRING重载了接受POSIX表达式的等效项。前面的示例显示了SUBSTRING（也可以用作SUBSTR）的基本用法。建议在使用POSIX时仅使用完整的SUBSTRING命令。

#### 正则表达式

正则表达式的完整描述需要它自己的全面文档，这里不涉及这些文档。以下示例说明了它们的用途： 

```
select name as Fullname, regexp_match(name, '(.*)(\s+)(.*)') AS "REGEXED Name",
          (regexp_match(name, '(.*)(\s+)(.*)'))[1] AS "First Name",
          (regexp_match(name, '(.*)(\s+)(.*)'))[3] AS "Last Name"
from users limit 5;
    fullname    |     REGEXED Name     | First Name | Last Name
----------------+----------------------+------------+-----------
 Jacinthe Rowe  | {Jacinthe," ",Rowe}  | Jacinthe   | Rowe
 Walter Mueller | {Walter," ",Mueller} | Walter     | Mueller
 Fatima Murphy  | {Fatima," ",Murphy}  | Fatima     | Murphy
 Paxton Mayer   | {Paxton," ",Mayer}   | Paxton     | Mayer
 Mellie Wolf    | {Mellie," ",Wolf}    | Mellie     | Wolf
```

在前面的示例中，您要求“name”列由空格的存在来分隔，然后报告匹配项报告的第一组和第三组文本。正则表达式返回的是文本数组，而不是文本值，因此必须引用数组索引才能以文本形式访问该值。请注意，此SQL很容易受到数据输入引起的错误的影响，包括中间名，或者缺少名字或姓氏都会导致错误。

现在，让我们来看看文本的一些操作和拆分，以便您可以将其分块处理。以下示例使用了用于处理付款的银行文件的示例摘录。如果整个文件作为单个文本条目上传到表中，然后选择它并进行处理，则此示例可能适用。 

```
create table bank_payments(bank_file text);
CREATE TABLE
insert into bank_payments values($$"CMGB","1.0","95012141352105","999999","30128193018492","20","","GBP","B","Beneficiary name18","Txt on senders acc","Txt for credit acc","","","","","","909170/1","AB"
"CMGB","1.0","95012141352105","999999","95012113864863","10.00","","GBP","B","Beneficiary name18","Txt on senders acc","Txt for credit acc","","","","","Remitters name  18","Tech ref for automatic processing5","AT","/t.x",
"CMGB","1.0","95012141352105","","30128193018492","21","","GBP","C","Beneficiary name18","Txt on senders acc","","Txt for credit acc","","","","","909175/0","AB"
"CMGB","1.0","95012141352105","","30128193018492","22","","GBP","I","Beneficiary name18","Txt on senders acc","text","","","","","","909175/1","AB"
"CMGB","1.0","95012141352105","","30128193018492","23","","GBP","F","Beneficiary name18","Txt on senders acc","Txt for credit acc","","","","","","909171/0","AB"$$);
INSERT 0 1
select regexp_split_to_table(bank_file, chr(10)) from bank_payments;
regexp_split_to_table
--------------------------------------------------------------------------------------------------------------------------------------------------------------------------------------------------------------------------------
 "CMGB","1.0","95012141352105","999999","30128193018492","20","","GBP","B","Beneficiary name18","Txt on senders acc","Txt for credit acc","","","","","","909170/1","AB"
 "CMGB","1.0","95012141352105","999999","95012113864863","10.00","","GBP","B","Beneficiary name18","Txt on senders acc","Txt for credit acc","","","","","Remitters name  18","Tech ref for automatic processing5","AT","/t.x",
 "CMGB","1.0","95012141352105","","30128193018492","21","","GBP","C","Beneficiary name18","Txt on senders acc","","Txt for credit acc","","","","","909175/0","AB"
 "CMGB","1.0","95012141352105","","30128193018492","22","","GBP","I","Beneficiary name18","Txt on senders acc","text","","","","","","909175/1","AB"
 "CMGB","1.0","95012141352105","","30128193018492","23","","GBP","F","Beneficiary name18","Txt on senders acc","Txt for credit acc","","","","","","909171/0","AB"
select split_part(f.line, ',' , 8) AS "currency",
                 split_part(f.line, ',' , 5) AS "Account"
from (select regexp_split_to_table(bank_file, chr(10)) AS "line" from bank_payments) AS f;
 currency |     Account
----------+------------------
 "GBP"    | "30128193018492"
 "GBP"    | "95012113864863"
 "GBP"    | "30128193018492"
 "GBP"    | "30128193018492"
 "GBP"    | "30128193018492"
```

如果不再需要表“bank_payments”，请记住将其删除。 

```
select reverse(translate(replace(lower(i.input), ' ', ''),
                         'abcdefghijklmnopqrstuvwxyz',
                         'A8Cd349h172!mN0pQr$TuVw*yZ')) AS "simplePWD"
 from (select 'type a word here' AS "input") AS i;
   simplePWD
---------------
 3r3hdr0wA3pyT
```


前面的TRANSLATE 命令将替换单个命令中的多个不同字符，这可能很有用。在本例中，“a”替换为“A”，“b”替换为数字“8”，依此类推。 

### **获取有关文本的信息**

您通常可能想要了解文本的特定属性，而不是格式化或更改文本的内容。以下示例使用命令返回有关文本的信息： 

```
select x.c AS CHAR, ascii(x.c) AS ASCII
          from (select regexp_split_to_table(i.input, '') AS "c"
from (select 'hello' AS input) AS i) AS x;
 char | ascii
------+-------
 h    |   104
 e    |   101
 l    |   108
 l    |   108
 o    |   111
select bit_length('hello'), char_length('hello'), octet_length('hello');
 bit_length | char_length | octet_length
------------+-------------+--------------
       40 |         5 |         5
select array_agg(chr(ascii(x.c))) AS "CHAR"
          from (select regexp_split_to_table(i.input, '') AS "c"
 from (select 'hello' AS input) AS i) AS x;
    CHAR
-------------
 {h,e,l,l,o}
select avg(length(name))::int AS AVG_LENGTH from users;
 avg_length
------------
         14
select name from users
          where position('T' in name) > 2
          and position('p' in name) = length(name)
order by name;
      name
-----------------
 Cory Tromp
 Demario Tromp
 Demetris Tromp
 Deon Tromp
 Emelia Tromp
 Ivah Tromp
 Jany Torp
 Jared Tromp
 Judd Tromp
 Larue Torp
 Magdalen Torp
 Margarita Tromp
 Marjolaine Torp
 Patrick Torp
 Porter Tromp
 Rebeka Tromp
select name, position('ar' in name) AS posn, strpos(name, 'ar') as strpos
          from users
          where strpos(name, 'ark') > 0
          order by name desc limit 10;
      name      | posn | strpos
----------------+------+--------
 Yasmin Stark   |   10 |     10
 Veronica Stark |   12 |     12
 Tamia Larkin   |    8 |      8
 Stewart Marks  |    5 |      5
 Ryann Parker   |    8 |      8
 Rudy Larkin    |    7 |      7
 Rodolfo Larkin |   10 |     10
 Novella Marks  |   10 |     10
 Markus Hirthe  |    2 |      2
 Mark Klein     |    2 |      2
select m.name
          from (select to_char(generate_series, 'Month') AS name
                from generate_series(current_date-364, current_date, '1 month')) AS m
          where starts_with(m.name, 'J');
   name
-----------
 January
 June
 July
```

### **高级应用**

如果您喜欢挑战，下面的示例URL会转义一个字符串。目前的形式还有更多的调整空间，这是留给你做的。 

```
select string_agg(case
                              when to_hex(ascii(x.arr::text))::text
                                   in('20','23','24','25','26','40','60','2b','2c','2f','3a','3b','3c','3d','3e','3f',
                                   '5b','5c','5d','5e','7b','7c','7d') then '%' || to_hex(ascii(x.arr::text))::text
                              else x.arr
                              end, '') AS "url_escaped"
           from (select regexp_split_to_table('www.url.com/form?name="My name"&dob="1/1/2000"&email="hello@example.com"', '')) AS x (arr);
                             url_escaped
------------------------------------------------------------------------------------------------
 www.url.com%2fform%3fname%3d"My%20name"%26dob%3d"1%2f1%2f2000"%26email%3d"hello%40example.com"
```

