## **创建数据库**

启动一个sqlsh会话，然后输入以下命令以创建并连接到数据库：

```
CREATE DATABASE testdb;
\c testdb;
```

以下创建表的命令显示了如何将SQL语句分布在多行输入中。请注意更改提示： 

```
CREATE TABLE my_table (
     first integer not null default 0,
     second text)
;
 
testdb=# CREATE TABLE my_table (
testdb(#    first integer not null default 0,
testdb(#    second text)
testdb-# ;
CREATE TABLE
```

查看表定义：

```
\d my_table
 
Table "public.my_table"
Column |  Type   | Collation | Nullable | Default
----------+-------------+-----------+----------+---------
first    | integer   |        | not null | 0
second  | text     |        |       |
```

插入数据：

```
INSERT INTO my_table VALUES (1, 'one');
INSERT INTO my_table VALUES (2, 'two');
INSERT INTO my_table VALUES (3, 'three');
INSERT INTO my_table VALUES (4, 'four');
select * FROM my_table;
 
 first | second
-------+--------
     1 | one
     2 | two
     3 | three
     4 | four
(4 rows)
```


## **更改提示符**

将提示更改为更有趣的内容：

```
\set PROMPT1 '%n@%m %~%R%# '
 
biginsights@localhost testdb=#
```

## **交叉表视图**

可以使用\crostabview命令在交叉表中显示查询结果

```
select first, second, first > 2 AS gt2 FROM my_table;
 
 first | second | gt2
-------+--------+-----
     1 | one    | f
     2 | two    | f
     3 | three  | t
     4 | four   | t
(4 rows)
\crosstabview first second
 
 first | one | two | three  | four
-------+-----+-----+-------+------
   1 | f   |    |      |
   2 |    | f   |      |
   3 |    |    | t     |
   4 |    |    |      | t
(4 rows)
```

以下示例显示了表中的行按相反的数字顺序排列，列按独立的升序排列。

```
select t1.first as "A", t2.first+100 AS "B", t1.first*(t2.first+100) as "AxB",
 row_number() over(order by t2.first) AS ord
 FROM my_table t1 CROSS JOIN my_table t2 ORDER BY 1 DESC
 \crosstabview "A" "B" "AxB" ord
 A | 101 | 102 | 103 | 104
---+-----+-----+-----+-----
 4 | 404 | 408 | 412 | 416
 3 | 303 | 306 | 309 | 312
 2 | 202 | 204 | 206 | 208
 1 | 101 | 102 | 103 | 104
(4 rows)
```

## **pset**

可以使用\pset命令以不同的方式显示表格：

```
\pset border 2
 
Border style is 2.
select * FROM my_table;
+-------+--------+
| first | second |
+-------+--------+
|     1 | one    |
|     2 | two    |
|     3 | three  |
|     4 | four   |
+-------+--------+
(4 rows)
\pset format unaligned
 
Output format is unaligned.
 
\pset fieldsep ,
 
Field separator is ",".
 
\pset tuples_only
 
Showing only tuples.
 
select second, first FROM my_table;
 
one,1
two,2
three,3
four,4
```

或者，使用简短的命令：

\a \t \x

```
Output format is aligned.
Tuples only is off.
Expanded display is on.
 
select * FROM my_table;
 
-[ RECORD 1 ]-
first  | 1
second | one
-[ RECORD 2 ]-
first  | 2
second | two
-[ RECORD 3 ]-
first  | 3
second | three
-[ RECORD 4 ]-
first  | 4
second | four
```